{
    "ensemble_auc": 0.7854160533496544,
    "threshold": 0.25,
    "classification_report": {
        "0": {
            "precision": 0.9658710346689656,
            "recall": 0.721316230729502,
            "f1-score": 0.8258697399943702,
            "support": 282686.0
        },
        "1": {
            "precision": 0.18278008298755186,
            "recall": 0.7097683786505539,
            "f1-score": 0.2906991132192205,
            "support": 24825.0
        },
        "accuracy": 0.720383986263906,
        "macro avg": {
            "precision": 0.5743255588282588,
            "recall": 0.715542304690028,
            "f1-score": 0.5582844266067953,
            "support": 307511.0
        },
        "weighted avg": {
            "precision": 0.9026530266123721,
            "recall": 0.720383986263906,
            "f1-score": 0.7826660470868219,
            "support": 307511.0
        }
    }
}