{
    "ensemble_auc": 0.7847843588250273,
    "threshold": 0.25,
    "classification_report": {
        "0": {
            "precision": 0.9809421858907298,
            "recall": 0.4278917243867754,
            "f1-score": 0.5958644810896686,
            "support": 282686.0
        },
        "1": {
            "precision": 0.12201279030629418,
            "recall": 0.905337361530715,
            "f1-score": 0.21504398953245274,
            "support": 24825.0
        },
        "accuracy": 0.4664353470282364,
        "macro avg": {
            "precision": 0.5514774880985119,
            "recall": 0.6666145429587452,
            "f1-score": 0.4054542353110607,
            "support": 307511.0
        },
        "weighted avg": {
            "precision": 0.9116018297883995,
            "recall": 0.4664353470282364,
            "f1-score": 0.5651212923812716,
            "support": 307511.0
        }
    }
}