{
    "ensemble_auc": 0.7848182676099386,
    "threshold": 0.25,
    "classification_report": {
        "0": {
            "precision": 0.9717681938306425,
            "recall": 0.6191710944298621,
            "f1-score": 0.756396904075609,
            "support": 282686.0
        },
        "1": {
            "precision": 0.15495113622983633,
            "recall": 0.795166163141994,
            "f1-score": 0.25936145053212456,
            "support": 24825.0
        },
        "accuracy": 0.6333789685572223,
        "macro avg": {
            "precision": 0.5633596650302394,
            "recall": 0.707168628785928,
            "f1-score": 0.5078791773038668,
            "support": 307511.0
        },
        "weighted avg": {
            "precision": 0.9058275170582993,
            "recall": 0.6333789685572223,
            "f1-score": 0.7162718186828361,
            "support": 307511.0
        }
    }
}