{
    "ensemble_auc": 0.7860006912968438,
    "threshold": 0.25,
    "classification_report": {
        "0": {
            "precision": 0.9557952116549114,
            "recall": 0.8336387369731787,
            "f1-score": 0.8905474422902145,
            "support": 282686.0
        },
        "1": {
            "precision": 0.2284673688355153,
            "recall": 0.5609667673716012,
            "f1-score": 0.32469485538418497,
            "support": 24825.0
        },
        "accuracy": 0.8116262507682652,
        "macro avg": {
            "precision": 0.5921312902452134,
            "recall": 0.69730275217239,
            "f1-score": 0.6076211488371998,
            "support": 307511.0
        },
        "weighted avg": {
            "precision": 0.8970788935459933,
            "recall": 0.8116262507682652,
            "f1-score": 0.8448668309626777,
            "support": 307511.0
        }
    }
}