{
    "ensemble_auc": 0.7857581768173969,
    "threshold": 0.25,
    "classification_report": {
        "0": {
            "precision": 0.9703622682983535,
            "recall": 0.649635991877914,
            "f1-score": 0.7782505329089838,
            "support": 282686.0
        },
        "1": {
            "precision": 0.16249080408256453,
            "recall": 0.7740584088620343,
            "f1-score": 0.26859746722205136,
            "support": 24825.0
        },
        "accuracy": 0.6596804667150118,
        "macro avg": {
            "precision": 0.566426536190459,
            "recall": 0.7118472003699741,
            "f1-score": 0.5234240000655176,
            "support": 307511.0
        },
        "weighted avg": {
            "precision": 0.9051437587193238,
            "recall": 0.6596804667150118,
            "f1-score": 0.7371068425835057,
            "support": 307511.0
        }
    }
}